{
    "$schema": "https://schema.management.azure.com/schemas/2015-01-01/deploymentParameters.json#",
    "contentVersion": "1.0.0.0",
    "parameters": {
        "accounts_iotdla313ca05b_defaultDataLakeStoreAccount": {
            "value": null
        },
        "accounts_iotdla313ca05b_dataLakeStoreAccounts": {
            "value": null
        },
        "serverfarms_WestUSPlan_name": {
            "value": null
        },
        "sites_iot_func_313CA05B_name": {
            "value": null
        },
        "IotHubs_iot_hub_313CA05B_name": {
            "value": null
        },
        "accounts_iotdls313ca05b_name": {
            "value": null
        },
        "components_iot_func_313CA05B_name": {
            "value": null
        },
        "storageAccounts_iotblob313ca05b_name": {
            "value": null
        },
        "accounts_iotdla313ca05b_name": {
            "value": null
        },
        "streamingjobs_iot_asa_313CA05B_name": {
            "value": null
        },
        "databaseAccounts_iot_cosmos_313ca05b_name": {
            "value": null
        },
        "environments_iot_tsi_313CA05B_name": {
            "value": null
        },
        "alertrules_Failure_Anomalies___iot_func_313CA05B_name": {
            "value": null
        }
    }
}